{
  "version": "1.0",
  "defaultProvider": "cdnjs",
  "libraries": [
    {
      "library": "jquery@3.4.1",
      "destination": "wwwroot/jquery/"
    },
    {
      "provider": "unpkg",
      "library": "bootstrap@4.3.1",
      "destination": "wwwroot/bootstrap/",
      "files": [
        "dist/css/bootstrap-grid.css",
        "dist/css/bootstrap-grid.css.map",
        "dist/css/bootstrap-grid.min.css",
        "dist/css/bootstrap-grid.min.css.map",
        "dist/css/bootstrap-reboot.css",
        "dist/css/bootstrap-reboot.css.map",
        "dist/css/bootstrap-reboot.min.css",
        "dist/css/bootstrap-reboot.min.css.map",
        "dist/css/bootstrap.css",
        "dist/css/bootstrap.css.map",
        "dist/css/bootstrap.min.css",
        "dist/css/bootstrap.min.css.map",
        "dist/js/bootstrap.bundle.js",
        "dist/js/bootstrap.bundle.js.map",
        "dist/js/bootstrap.bundle.min.js",
        "dist/js/bootstrap.bundle.min.js.map",
        "dist/js/bootstrap.js",
        "dist/js/bootstrap.js.map",
        "dist/js/bootstrap.min.js",
        "dist/js/bootstrap.min.js.map",
        "js/dist/alert.js",
        "js/dist/alert.js.map",
        "js/dist/button.js",
        "js/dist/button.js.map",
        "js/dist/carousel.js",
        "js/dist/carousel.js.map",
        "js/dist/collapse.js",
        "js/dist/collapse.js.map",
        "js/dist/dropdown.js",
        "js/dist/dropdown.js.map",
        "js/dist/index.js",
        "js/dist/index.js.map",
        "js/dist/modal.js",
        "js/dist/modal.js.map",
        "js/dist/popover.js",
        "js/dist/popover.js.map",
        "js/dist/scrollspy.js",
        "js/dist/scrollspy.js.map",
        "js/dist/tab.js",
        "js/dist/tab.js.map",
        "js/dist/toast.js",
        "js/dist/toast.js.map",
        "js/dist/tooltip.js",
        "js/dist/tooltip.js.map",
        "js/dist/util.js",
        "js/dist/util.js.map",
        "js/src/alert.js",
        "js/src/button.js",
        "js/src/carousel.js",
        "js/src/collapse.js",
        "js/src/dropdown.js",
        "js/src/index.js",
        "js/src/modal.js",
        "js/src/popover.js",
        "js/src/scrollspy.js",
        "js/src/tab.js",
        "js/src/toast.js",
        "js/src/tooltip.js",
        "js/src/util.js",
        "js/src/tools/sanitizer.js",
        "scss/mixins/_alert.scss",
        "scss/mixins/_background-variant.scss",
        "scss/mixins/_badge.scss",
        "scss/mixins/_border-radius.scss",
        "scss/mixins/_box-shadow.scss",
        "scss/mixins/_breakpoints.scss",
        "scss/mixins/_buttons.scss",
        "scss/mixins/_caret.scss",
        "scss/mixins/_clearfix.scss",
        "scss/mixins/_deprecate.scss",
        "scss/mixins/_float.scss",
        "scss/mixins/_forms.scss",
        "scss/mixins/_gradients.scss",
        "scss/mixins/_grid-framework.scss",
        "scss/mixins/_grid.scss",
        "scss/mixins/_hover.scss",
        "scss/mixins/_image.scss",
        "scss/mixins/_list-group.scss",
        "scss/mixins/_lists.scss",
        "scss/mixins/_nav-divider.scss",
        "scss/mixins/_pagination.scss",
        "scss/mixins/_reset-text.scss",
        "scss/mixins/_resize.scss",
        "scss/mixins/_screen-reader.scss",
        "scss/mixins/_size.scss",
        "scss/mixins/_table-row.scss",
        "scss/mixins/_text-emphasis.scss",
        "scss/mixins/_text-hide.scss",
        "scss/mixins/_text-truncate.scss",
        "scss/mixins/_transition.scss",
        "scss/mixins/_visibility.scss",
        "scss/utilities/_align.scss",
        "scss/utilities/_background.scss",
        "scss/utilities/_borders.scss",
        "scss/utilities/_clearfix.scss",
        "scss/utilities/_display.scss",
        "scss/utilities/_embed.scss",
        "scss/utilities/_flex.scss",
        "scss/utilities/_float.scss",
        "scss/utilities/_overflow.scss",
        "scss/utilities/_position.scss",
        "scss/utilities/_screenreaders.scss",
        "scss/utilities/_shadows.scss",
        "scss/utilities/_sizing.scss",
        "scss/utilities/_spacing.scss",
        "scss/utilities/_stretched-link.scss",
        "scss/utilities/_text.scss",
        "scss/utilities/_visibility.scss",
        "scss/vendor/_rfs.scss",
        "scss/bootstrap-grid.scss",
        "scss/bootstrap-reboot.scss",
        "scss/bootstrap.scss",
        "scss/_alert.scss",
        "scss/_badge.scss",
        "scss/_breadcrumb.scss",
        "scss/_button-group.scss",
        "scss/_buttons.scss",
        "scss/_card.scss",
        "scss/_carousel.scss",
        "scss/_close.scss",
        "scss/_code.scss",
        "scss/_custom-forms.scss",
        "scss/_dropdown.scss",
        "scss/_forms.scss",
        "scss/_functions.scss",
        "scss/_grid.scss",
        "scss/_images.scss",
        "scss/_input-group.scss",
        "scss/_jumbotron.scss",
        "scss/_list-group.scss",
        "scss/_media.scss",
        "scss/_mixins.scss",
        "scss/_modal.scss",
        "scss/_nav.scss",
        "scss/_navbar.scss",
        "scss/_pagination.scss",
        "scss/_popover.scss",
        "scss/_print.scss",
        "scss/_progress.scss",
        "scss/_reboot.scss",
        "scss/_root.scss",
        "scss/_spinners.scss",
        "scss/_tables.scss",
        "scss/_toasts.scss",
        "scss/_tooltip.scss",
        "scss/_transitions.scss",
        "scss/_type.scss",
        "scss/_utilities.scss",
        "scss/_variables.scss",
        "LICENSE",
        "package.json",
        "README.md"
      ]
    }
  ]
}